timestamp,labels,value
2026-09-27T06:50:00Z,"{""instance_name"": ""mooc-web"", ""loadbalanced"": ""false"", ""resource_instance_id"": ""1398563761166861218"", ""resource_project_id"": ""proyecto-2-cloud-509714"", ""resource_type"": ""gce_instance"", ""resource_zone"": ""us-central1-a"", ""vm"": ""mooc-web""}",1253283
2026-09-27T06:49:00Z,"{""instance_name"": ""mooc-web"", ""loadbalanced"": ""false"", ""resource_instance_id"": ""1398563761166861218"", ""resource_project_id"": ""proyecto-2-cloud-509714"", ""resource_type"": ""gce_instance"", ""resource_zone"": ""us-central1-a"", ""vm"": ""mooc-web""}",1250355
2026-09-27T06:48:00Z,"{""instance_name"": ""mooc-web"", ""loadbalanced"": ""false"", ""resource_instance_id"": ""1398563761166861218"", ""resource_project_id"": ""proyecto-2-cloud-509714"", ""resource_type"": ""gce_instance"", ""resource_zone"": ""us-central1-a"", ""vm"": ""mooc-web""}",1254268
2026-09-27T06:47:00Z,"{""instance_name"": ""mooc-web"", ""loadbalanced"": ""false"", ""resource_instance_id"": ""1398563761166861218"", ""resource_project_id"": ""proyecto-2-cloud-509714"", ""resource_type"": ""gce_instance"", ""resource_zone"": ""us-central1-a"", ""vm"": ""mooc-web""}",1238881
2026-09-27T06:46:00Z,"{""instance_name"": ""mooc-web"", ""loadbalanced"": ""false"", ""resource_instance_id"": ""1398563761166861218"", ""resource_project_id"": ""proyecto-2-cloud-509714"", ""resource_type"": ""gce_instance"", ""resource_zone"": ""us-central1-a"", ""vm"": ""mooc-web""}",1235389
2026-09-27T06:45:00Z,"{""instance_name"": ""mooc-web"", ""loadbalanced"": ""false"", ""resource_instance_id"": ""1398563761166861218"", ""resource_project_id"": ""proyecto-2-cloud-509714"", ""resource_type"": ""gce_instance"", ""resource_zone"": ""us-central1-a"", ""vm"": ""mooc-web""}",1234020
2026-09-27T06:44:00Z,"{""instance_name"": ""mooc-web"", ""loadbalanced"": ""false"", ""resource_instance_id"": ""1398563761166861218"", ""resource_project_id"": ""proyecto-2-cloud-509714"", ""resource_type"": ""gce_instance"", ""resource_zone"": ""us-central1-a"", ""vm"": ""mooc-web""}",1234354
2026-09-27T06:43:00Z,"{""instance_name"": ""mooc-web"", ""loadbalanced"": ""false"", ""resource_instance_id"": ""1398563761166861218"", ""resource_project_id"": ""proyecto-2-cloud-509714"", ""resource_type"": ""gce_instance"", ""resource_zone"": ""us-central1-a"", ""vm"": ""mooc-web""}",1242691
2026-09-27T06:42:00Z,"{""instance_name"": ""mooc-web"", ""loadbalanced"": ""false"", ""resource_instance_id"": ""1398563761166861218"", ""resource_project_id"": ""proyecto-2-cloud-509714"", ""resource_type"": ""gce_instance"", ""resource_zone"": ""us-central1-a"", ""vm"": ""mooc-web""}",1253119
2026-09-27T06:41:00Z,"{""instance_name"": ""mooc-web"", ""loadbalanced"": ""false"", ""resource_instance_id"": ""1398563761166861218"", ""resource_project_id"": ""proyecto-2-cloud-509714"", ""resource_type"": ""gce_instance"", ""resource_zone"": ""us-central1-a"", ""vm"": ""mooc-web""}",1250386
2026-09-27T06:40:00Z,"{""instance_name"": ""mooc-web"", ""loadbalanced"": ""false"", ""resource_instance_id"": ""1398563761166861218"", ""resource_project_id"": ""proyecto-2-cloud-509714"", ""resource_type"": ""gce_instance"", ""resource_zone"": ""us-central1-a"", ""vm"": ""mooc-web""}",1257722
2026-09-27T06:39:00Z,"{""instance_name"": ""mooc-web"", ""loadbalanced"": ""false"", ""resource_instance_id"": ""1398563761166861218"", ""resource_project_id"": ""proyecto-2-cloud-509714"", ""resource_type"": ""gce_instance"", ""resource_zone"": ""us-central1-a"", ""vm"": ""mooc-web""}",1255340
2026-09-27T06:38:00Z,"{""instance_name"": ""mooc-web"", ""loadbalanced"": ""false"", ""resource_instance_id"": ""1398563761166861218"", ""resource_project_id"": ""proyecto-2-cloud-509714"", ""resource_type"": ""gce_instance"", ""resource_zone"": ""us-central1-a"", ""vm"": ""mooc-web""}",1250155
2026-09-27T06:37:00Z,"{""instance_name"": ""mooc-web"", ""loadbalanced"": ""false"", ""resource_instance_id"": ""1398563761166861218"", ""resource_project_id"": ""proyecto-2-cloud-509714"", ""resource_type"": ""gce_instance"", ""resource_zone"": ""us-central1-a"", ""vm"": ""mooc-web""}",1245139
2026-09-27T06:36:00Z,"{""instance_name"": ""mooc-web"", ""loadbalanced"": ""false"", ""resource_instance_id"": ""1398563761166861218"", ""resource_project_id"": ""proyecto-2-cloud-509714"", ""resource_type"": ""gce_instance"", ""resource_zone"": ""us-central1-a"", ""vm"": ""mooc-web""}",1231064
2026-09-27T06:35:00Z,"{""instance_name"": ""mooc-web"", ""loadbalanced"": ""false"", ""resource_instance_id"": ""1398563761166861218"", ""resource_project_id"": ""proyecto-2-cloud-509714"", ""resource_type"": ""gce_instance"", ""resource_zone"": ""us-central1-a"", ""vm"": ""mooc-web""}",1237229
2026-09-27T06:34:00Z,"{""instance_name"": ""mooc-web"", ""loadbalanced"": ""false"", ""resource_instance_id"": ""1398563761166861218"", ""resource_project_id"": ""proyecto-2-cloud-509714"", ""resource_type"": ""gce_instance"", ""resource_zone"": ""us-central1-a"", ""vm"": ""mooc-web""}",1234529
2026-09-27T06:33:00Z,"{""instance_name"": ""mooc-web"", ""loadbalanced"": ""false"", ""resource_instance_id"": ""1398563761166861218"", ""resource_project_id"": ""proyecto-2-cloud-509714"", ""resource_type"": ""gce_instance"", ""resource_zone"": ""us-central1-a"", ""vm"": ""mooc-web""}",1234633
2026-09-27T06:32:00Z,"{""instance_name"": ""mooc-web"", ""loadbalanced"": ""false"", ""resource_instance_id"": ""1398563761166861218"", ""resource_project_id"": ""proyecto-2-cloud-509714"", ""resource_type"": ""gce_instance"", ""resource_zone"": ""us-central1-a"", ""vm"": ""mooc-web""}",1235184
2026-09-27T06:31:00Z,"{""instance_name"": ""mooc-web"", ""loadbalanced"": ""false"", ""resource_instance_id"": ""1398563761166861218"", ""resource_project_id"": ""proyecto-2-cloud-509714"", ""resource_type"": ""gce_instance"", ""resource_zone"": ""us-central1-a"", ""vm"": ""mooc-web""}",1239462
2026-09-27T06:30:00Z,"{""instance_name"": ""mooc-web"", ""loadbalanced"": ""false"", ""resource_instance_id"": ""1398563761166861218"", ""resource_project_id"": ""proyecto-2-cloud-509714"", ""resource_type"": ""gce_instance"", ""resource_zone"": ""us-central1-a"", ""vm"": ""mooc-web""}",1239552
2026-09-27T06:29:00Z,"{""instance_name"": ""mooc-web"", ""loadbalanced"": ""false"", ""resource_instance_id"": ""1398563761166861218"", ""resource_project_id"": ""proyecto-2-cloud-509714"", ""resource_type"": ""gce_instance"", ""resource_zone"": ""us-central1-a"", ""vm"": ""mooc-web""}",1244477
2026-09-27T06:28:00Z,"{""instance_name"": ""mooc-web"", ""loadbalanced"": ""false"", ""resource_instance_id"": ""1398563761166861218"", ""resource_project_id"": ""proyecto-2-cloud-509714"", ""resource_type"": ""gce_instance"", ""resource_zone"": ""us-central1-a"", ""vm"": ""mooc-web""}",1235210
2026-09-27T06:27:00Z,"{""instance_name"": ""mooc-web"", ""loadbalanced"": ""false"", ""resource_instance_id"": ""1398563761166861218"", ""resource_project_id"": ""proyecto-2-cloud-509714"", ""resource_type"": ""gce_instance"", ""resource_zone"": ""us-central1-a"", ""vm"": ""mooc-web""}",1234689
2026-09-27T06:26:00Z,"{""instance_name"": ""mooc-web"", ""loadbalanced"": ""false"", ""resource_instance_id"": ""1398563761166861218"", ""resource_project_id"": ""proyecto-2-cloud-509714"", ""resource_type"": ""gce_instance"", ""resource_zone"": ""us-central1-a"", ""vm"": ""mooc-web""}",1238516
2026-09-27T06:25:00Z,"{""instance_name"": ""mooc-web"", ""loadbalanced"": ""false"", ""resource_instance_id"": ""1398563761166861218"", ""resource_project_id"": ""proyecto-2-cloud-509714"", ""resource_type"": ""gce_instance"", ""resource_zone"": ""us-central1-a"", ""vm"": ""mooc-web""}",1233986
2026-09-27T06:24:00Z,"{""instance_name"": ""mooc-web"", ""loadbalanced"": ""false"", ""resource_instance_id"": ""1398563761166861218"", ""resource_project_id"": ""proyecto-2-cloud-509714"", ""resource_type"": ""gce_instance"", ""resource_zone"": ""us-central1-a"", ""vm"": ""mooc-web""}",1231834
2026-09-27T06:23:00Z,"{""instance_name"": ""mooc-web"", ""loadbalanced"": ""false"", ""resource_instance_id"": ""1398563761166861218"", ""resource_project_id"": ""proyecto-2-cloud-509714"", ""resource_type"": ""gce_instance"", ""resource_zone"": ""us-central1-a"", ""vm"": ""mooc-web""}",1232525
2026-09-27T06:22:00Z,"{""instance_name"": ""mooc-web"", ""loadbalanced"": ""false"", ""resource_instance_id"": ""1398563761166861218"", ""resource_project_id"": ""proyecto-2-cloud-509714"", ""resource_type"": ""gce_instance"", ""resource_zone"": ""us-central1-a"", ""vm"": ""mooc-web""}",1235581
2026-09-27T06:21:00Z,"{""instance_name"": ""mooc-web"", ""loadbalanced"": ""false"", ""resource_instance_id"": ""1398563761166861218"", ""resource_project_id"": ""proyecto-2-cloud-509714"", ""resource_type"": ""gce_instance"", ""resource_zone"": ""us-central1-a"", ""vm"": ""mooc-web""}",1236417
2026-09-27T06:20:00Z,"{""instance_name"": ""mooc-web"", ""loadbalanced"": ""false"", ""resource_instance_id"": ""1398563761166861218"", ""resource_project_id"": ""proyecto-2-cloud-509714"", ""resource_type"": ""gce_instance"", ""resource_zone"": ""us-central1-a"", ""vm"": ""mooc-web""}",1239702
2026-09-27T06:19:00Z,"{""instance_name"": ""mooc-web"", ""loadbalanced"": ""false"", ""resource_instance_id"": ""1398563761166861218"", ""resource_project_id"": ""proyecto-2-cloud-509714"", ""resource_type"": ""gce_instance"", ""resource_zone"": ""us-central1-a"", ""vm"": ""mooc-web""}",1234229
2026-09-27T06:18:00Z,"{""instance_name"": ""mooc-web"", ""loadbalanced"": ""false"", ""resource_instance_id"": ""1398563761166861218"", ""resource_project_id"": ""proyecto-2-cloud-509714"", ""resource_type"": ""gce_instance"", ""resource_zone"": ""us-central1-a"", ""vm"": ""mooc-web""}",1238761
2026-09-27T06:17:00Z,"{""instance_name"": ""mooc-web"", ""loadbalanced"": ""false"", ""resource_instance_id"": ""1398563761166861218"", ""resource_project_id"": ""proyecto-2-cloud-509714"", ""resource_type"": ""gce_instance"", ""resource_zone"": ""us-central1-a"", ""vm"": ""mooc-web""}",1230397
2026-09-27T06:16:00Z,"{""instance_name"": ""mooc-web"", ""loadbalanced"": ""false"", ""resource_instance_id"": ""1398563761166861218"", ""resource_project_id"": ""proyecto-2-cloud-509714"", ""resource_type"": ""gce_instance"", ""resource_zone"": ""us-central1-a"", ""vm"": ""mooc-web""}",1232549
2026-09-27T06:15:00Z,"{""instance_name"": ""mooc-web"", ""loadbalanced"": ""false"", ""resource_instance_id"": ""1398563761166861218"", ""resource_project_id"": ""proyecto-2-cloud-509714"", ""resource_type"": ""gce_instance"", ""resource_zone"": ""us-central1-a"", ""vm"": ""mooc-web""}",1251845
2026-09-27T06:14:00Z,"{""instance_name"": ""mooc-web"", ""loadbalanced"": ""false"", ""resource_instance_id"": ""1398563761166861218"", ""resource_project_id"": ""proyecto-2-cloud-509714"", ""resource_type"": ""gce_instance"", ""resource_zone"": ""us-central1-a"", ""vm"": ""mooc-web""}",1235902
2026-09-27T06:13:00Z,"{""instance_name"": ""mooc-web"", ""loadbalanced"": ""false"", ""resource_instance_id"": ""1398563761166861218"", ""resource_project_id"": ""proyecto-2-cloud-509714"", ""resource_type"": ""gce_instance"", ""resource_zone"": ""us-central1-a"", ""vm"": ""mooc-web""}",1234841
2026-09-27T06:12:00Z,"{""instance_name"": ""mooc-web"", ""loadbalanced"": ""false"", ""resource_instance_id"": ""1398563761166861218"", ""resource_project_id"": ""proyecto-2-cloud-509714"", ""resource_type"": ""gce_instance"", ""resource_zone"": ""us-central1-a"", ""vm"": ""mooc-web""}",1234695
2026-09-27T06:11:00Z,"{""instance_name"": ""mooc-web"", ""loadbalanced"": ""false"", ""resource_instance_id"": ""1398563761166861218"", ""resource_project_id"": ""proyecto-2-cloud-509714"", ""resource_type"": ""gce_instance"", ""resource_zone"": ""us-central1-a"", ""vm"": ""mooc-web""}",1230876
2026-09-27T06:10:00Z,"{""instance_name"": ""mooc-web"", ""loadbalanced"": ""false"", ""resource_instance_id"": ""1398563761166861218"", ""resource_project_id"": ""proyecto-2-cloud-509714"", ""resource_type"": ""gce_instance"", ""resource_zone"": ""us-central1-a"", ""vm"": ""mooc-web""}",1230492
2026-09-27T06:09:00Z,"{""instance_name"": ""mooc-web"", ""loadbalanced"": ""false"", ""resource_instance_id"": ""1398563761166861218"", ""resource_project_id"": ""proyecto-2-cloud-509714"", ""resource_type"": ""gce_instance"", ""resource_zone"": ""us-central1-a"", ""vm"": ""mooc-web""}",1231225
2026-09-27T06:08:00Z,"{""instance_name"": ""mooc-web"", ""loadbalanced"": ""false"", ""resource_instance_id"": ""1398563761166861218"", ""resource_project_id"": ""proyecto-2-cloud-509714"", ""resource_type"": ""gce_instance"", ""resource_zone"": ""us-central1-a"", ""vm"": ""mooc-web""}",1230985
2026-09-27T06:07:00Z,"{""instance_name"": ""mooc-web"", ""loadbalanced"": ""false"", ""resource_instance_id"": ""1398563761166861218"", ""resource_project_id"": ""proyecto-2-cloud-509714"", ""resource_type"": ""gce_instance"", ""resource_zone"": ""us-central1-a"", ""vm"": ""mooc-web""}",1235618
2026-09-27T06:06:00Z,"{""instance_name"": ""mooc-web"", ""loadbalanced"": ""false"", ""resource_instance_id"": ""1398563761166861218"", ""resource_project_id"": ""proyecto-2-cloud-509714"", ""resource_type"": ""gce_instance"", ""resource_zone"": ""us-central1-a"", ""vm"": ""mooc-web""}",1234623
2026-09-27T06:05:00Z,"{""instance_name"": ""mooc-web"", ""loadbalanced"": ""false"", ""resource_instance_id"": ""1398563761166861218"", ""resource_project_id"": ""proyecto-2-cloud-509714"", ""resource_type"": ""gce_instance"", ""resource_zone"": ""us-central1-a"", ""vm"": ""mooc-web""}",1235012
2026-09-27T06:04:00Z,"{""instance_name"": ""mooc-web"", ""loadbalanced"": ""false"", ""resource_instance_id"": ""1398563761166861218"", ""resource_project_id"": ""proyecto-2-cloud-509714"", ""resource_type"": ""gce_instance"", ""resource_zone"": ""us-central1-a"", ""vm"": ""mooc-web""}",1235181
2026-09-27T06:03:00Z,"{""instance_name"": ""mooc-web"", ""loadbalanced"": ""false"", ""resource_instance_id"": ""1398563761166861218"", ""resource_project_id"": ""proyecto-2-cloud-509714"", ""resource_type"": ""gce_instance"", ""resource_zone"": ""us-central1-a"", ""vm"": ""mooc-web""}",1236446
2026-09-27T06:02:00Z,"{""instance_name"": ""mooc-web"", ""loadbalanced"": ""false"", ""resource_instance_id"": ""1398563761166861218"", ""resource_project_id"": ""proyecto-2-cloud-509714"", ""resource_type"": ""gce_instance"", ""resource_zone"": ""us-central1-a"", ""vm"": ""mooc-web""}",1497685
2026-09-27T06:01:00Z,"{""instance_name"": ""mooc-web"", ""loadbalanced"": ""false"", ""resource_instance_id"": ""1398563761166861218"", ""resource_project_id"": ""proyecto-2-cloud-509714"", ""resource_type"": ""gce_instance"", ""resource_zone"": ""us-central1-a"", ""vm"": ""mooc-web""}",5589812
2026-09-27T06:50:00Z,"{""instance_name"": ""mooc-worker"", ""loadbalanced"": ""false"", ""resource_instance_id"": ""2832248983015202130"", ""resource_project_id"": ""proyecto-2-cloud-509714"", ""resource_type"": ""gce_instance"", ""resource_zone"": ""us-central1-a"", ""vm"": ""mooc-worker""}",1439174
2026-09-27T06:49:00Z,"{""instance_name"": ""mooc-worker"", ""loadbalanced"": ""false"", ""resource_instance_id"": ""2832248983015202130"", ""resource_project_id"": ""proyecto-2-cloud-509714"", ""resource_type"": ""gce_instance"", ""resource_zone"": ""us-central1-a"", ""vm"": ""mooc-worker""}",3391770
2026-09-27T06:48:00Z,"{""instance_name"": ""mooc-worker"", ""loadbalanced"": ""false"", ""resource_instance_id"": ""2832248983015202130"", ""resource_project_id"": ""proyecto-2-cloud-509714"", ""resource_type"": ""gce_instance"", ""resource_zone"": ""us-central1-a"", ""vm"": ""mooc-worker""}",5441891
2026-09-27T06:47:00Z,"{""instance_name"": ""mooc-worker"", ""loadbalanced"": ""false"", ""resource_instance_id"": ""2832248983015202130"", ""resource_project_id"": ""proyecto-2-cloud-509714"", ""resource_type"": ""gce_instance"", ""resource_zone"": ""us-central1-a"", ""vm"": ""mooc-worker""}",2077666
2026-09-27T06:46:00Z,"{""instance_name"": ""mooc-worker"", ""loadbalanced"": ""false"", ""resource_instance_id"": ""2832248983015202130"", ""resource_project_id"": ""proyecto-2-cloud-509714"", ""resource_type"": ""gce_instance"", ""resource_zone"": ""us-central1-a"", ""vm"": ""mooc-worker""}",4953996
2026-09-27T06:45:00Z,"{""instance_name"": ""mooc-worker"", ""loadbalanced"": ""false"", ""resource_instance_id"": ""2832248983015202130"", ""resource_project_id"": ""proyecto-2-cloud-509714"", ""resource_type"": ""gce_instance"", ""resource_zone"": ""us-central1-a"", ""vm"": ""mooc-worker""}",4905973
2026-09-27T06:44:00Z,"{""instance_name"": ""mooc-worker"", ""loadbalanced"": ""false"", ""resource_instance_id"": ""2832248983015202130"", ""resource_project_id"": ""proyecto-2-cloud-509714"", ""resource_type"": ""gce_instance"", ""resource_zone"": ""us-central1-a"", ""vm"": ""mooc-worker""}",6047276
2026-09-27T06:43:00Z,"{""instance_name"": ""mooc-worker"", ""loadbalanced"": ""false"", ""resource_instance_id"": ""2832248983015202130"", ""resource_project_id"": ""proyecto-2-cloud-509714"", ""resource_type"": ""gce_instance"", ""resource_zone"": ""us-central1-a"", ""vm"": ""mooc-worker""}",1333504
2026-09-27T06:42:00Z,"{""instance_name"": ""mooc-worker"", ""loadbalanced"": ""false"", ""resource_instance_id"": ""2832248983015202130"", ""resource_project_id"": ""proyecto-2-cloud-509714"", ""resource_type"": ""gce_instance"", ""resource_zone"": ""us-central1-a"", ""vm"": ""mooc-worker""}",1936126
2026-09-27T06:41:00Z,"{""instance_name"": ""mooc-worker"", ""loadbalanced"": ""false"", ""resource_instance_id"": ""2832248983015202130"", ""resource_project_id"": ""proyecto-2-cloud-509714"", ""resource_type"": ""gce_instance"", ""resource_zone"": ""us-central1-a"", ""vm"": ""mooc-worker""}",1565670
2026-09-27T06:40:00Z,"{""instance_name"": ""mooc-worker"", ""loadbalanced"": ""false"", ""resource_instance_id"": ""2832248983015202130"", ""resource_project_id"": ""proyecto-2-cloud-509714"", ""resource_type"": ""gce_instance"", ""resource_zone"": ""us-central1-a"", ""vm"": ""mooc-worker""}",2836013
2026-09-27T06:39:00Z,"{""instance_name"": ""mooc-worker"", ""loadbalanced"": ""false"", ""resource_instance_id"": ""2832248983015202130"", ""resource_project_id"": ""proyecto-2-cloud-509714"", ""resource_type"": ""gce_instance"", ""resource_zone"": ""us-central1-a"", ""vm"": ""mooc-worker""}",1720772
2026-09-27T06:38:00Z,"{""instance_name"": ""mooc-worker"", ""loadbalanced"": ""false"", ""resource_instance_id"": ""2832248983015202130"", ""resource_project_id"": ""proyecto-2-cloud-509714"", ""resource_type"": ""gce_instance"", ""resource_zone"": ""us-central1-a"", ""vm"": ""mooc-worker""}",3886442
2026-09-27T06:37:00Z,"{""instance_name"": ""mooc-worker"", ""loadbalanced"": ""false"", ""resource_instance_id"": ""2832248983015202130"", ""resource_project_id"": ""proyecto-2-cloud-509714"", ""resource_type"": ""gce_instance"", ""resource_zone"": ""us-central1-a"", ""vm"": ""mooc-worker""}",1968416
2026-09-27T06:36:00Z,"{""instance_name"": ""mooc-worker"", ""loadbalanced"": ""false"", ""resource_instance_id"": ""2832248983015202130"", ""resource_project_id"": ""proyecto-2-cloud-509714"", ""resource_type"": ""gce_instance"", ""resource_zone"": ""us-central1-a"", ""vm"": ""mooc-worker""}",5101947
2026-09-27T06:35:00Z,"{""instance_name"": ""mooc-worker"", ""loadbalanced"": ""false"", ""resource_instance_id"": ""2832248983015202130"", ""resource_project_id"": ""proyecto-2-cloud-509714"", ""resource_type"": ""gce_instance"", ""resource_zone"": ""us-central1-a"", ""vm"": ""mooc-worker""}",2073359
2026-09-27T06:34:00Z,"{""instance_name"": ""mooc-worker"", ""loadbalanced"": ""false"", ""resource_instance_id"": ""2832248983015202130"", ""resource_project_id"": ""proyecto-2-cloud-509714"", ""resource_type"": ""gce_instance"", ""resource_zone"": ""us-central1-a"", ""vm"": ""mooc-worker""}",6401786
2026-09-27T06:33:00Z,"{""instance_name"": ""mooc-worker"", ""loadbalanced"": ""false"", ""resource_instance_id"": ""2832248983015202130"", ""resource_project_id"": ""proyecto-2-cloud-509714"", ""resource_type"": ""gce_instance"", ""resource_zone"": ""us-central1-a"", ""vm"": ""mooc-worker""}",5668029
2026-09-27T06:32:00Z,"{""instance_name"": ""mooc-worker"", ""loadbalanced"": ""false"", ""resource_instance_id"": ""2832248983015202130"", ""resource_project_id"": ""proyecto-2-cloud-509714"", ""resource_type"": ""gce_instance"", ""resource_zone"": ""us-central1-a"", ""vm"": ""mooc-worker""}",4232723
2026-09-27T06:31:00Z,"{""instance_name"": ""mooc-worker"", ""loadbalanced"": ""false"", ""resource_instance_id"": ""2832248983015202130"", ""resource_project_id"": ""proyecto-2-cloud-509714"", ""resource_type"": ""gce_instance"", ""resource_zone"": ""us-central1-a"", ""vm"": ""mooc-worker""}",2963098
2026-09-27T06:30:00Z,"{""instance_name"": ""mooc-worker"", ""loadbalanced"": ""false"", ""resource_instance_id"": ""2832248983015202130"", ""resource_project_id"": ""proyecto-2-cloud-509714"", ""resource_type"": ""gce_instance"", ""resource_zone"": ""us-central1-a"", ""vm"": ""mooc-worker""}",2539554
2026-09-27T06:29:00Z,"{""instance_name"": ""mooc-worker"", ""loadbalanced"": ""false"", ""resource_instance_id"": ""2832248983015202130"", ""resource_project_id"": ""proyecto-2-cloud-509714"", ""resource_type"": ""gce_instance"", ""resource_zone"": ""us-central1-a"", ""vm"": ""mooc-worker""}",4373268
2026-09-27T06:28:00Z,"{""instance_name"": ""mooc-worker"", ""loadbalanced"": ""false"", ""resource_instance_id"": ""2832248983015202130"", ""resource_project_id"": ""proyecto-2-cloud-509714"", ""resource_type"": ""gce_instance"", ""resource_zone"": ""us-central1-a"", ""vm"": ""mooc-worker""}",2063060
2026-09-27T06:27:00Z,"{""instance_name"": ""mooc-worker"", ""loadbalanced"": ""false"", ""resource_instance_id"": ""2832248983015202130"", ""resource_project_id"": ""proyecto-2-cloud-509714"", ""resource_type"": ""gce_instance"", ""resource_zone"": ""us-central1-a"", ""vm"": ""mooc-worker""}",6218648
2026-09-27T06:26:00Z,"{""instance_name"": ""mooc-worker"", ""loadbalanced"": ""false"", ""resource_instance_id"": ""2832248983015202130"", ""resource_project_id"": ""proyecto-2-cloud-509714"", ""resource_type"": ""gce_instance"", ""resource_zone"": ""us-central1-a"", ""vm"": ""mooc-worker""}",4549733
2026-09-27T06:25:00Z,"{""instance_name"": ""mooc-worker"", ""loadbalanced"": ""false"", ""resource_instance_id"": ""2832248983015202130"", ""resource_project_id"": ""proyecto-2-cloud-509714"", ""resource_type"": ""gce_instance"", ""resource_zone"": ""us-central1-a"", ""vm"": ""mooc-worker""}",2450350
2026-09-27T06:24:00Z,"{""instance_name"": ""mooc-worker"", ""loadbalanced"": ""false"", ""resource_instance_id"": ""2832248983015202130"", ""resource_project_id"": ""proyecto-2-cloud-509714"", ""resource_type"": ""gce_instance"", ""resource_zone"": ""us-central1-a"", ""vm"": ""mooc-worker""}",4388189
2026-09-27T06:23:00Z,"{""instance_name"": ""mooc-worker"", ""loadbalanced"": ""false"", ""resource_instance_id"": ""2832248983015202130"", ""resource_project_id"": ""proyecto-2-cloud-509714"", ""resource_type"": ""gce_instance"", ""resource_zone"": ""us-central1-a"", ""vm"": ""mooc-worker""}",3532708
2026-09-27T06:22:00Z,"{""instance_name"": ""mooc-worker"", ""loadbalanced"": ""false"", ""resource_instance_id"": ""2832248983015202130"", ""resource_project_id"": ""proyecto-2-cloud-509714"", ""resource_type"": ""gce_instance"", ""resource_zone"": ""us-central1-a"", ""vm"": ""mooc-worker""}",2383695
2026-09-27T06:21:00Z,"{""instance_name"": ""mooc-worker"", ""loadbalanced"": ""false"", ""resource_instance_id"": ""2832248983015202130"", ""resource_project_id"": ""proyecto-2-cloud-509714"", ""resource_type"": ""gce_instance"", ""resource_zone"": ""us-central1-a"", ""vm"": ""mooc-worker""}",7777325
2026-09-27T06:20:00Z,"{""instance_name"": ""mooc-worker"", ""loadbalanced"": ""false"", ""resource_instance_id"": ""2832248983015202130"", ""resource_project_id"": ""proyecto-2-cloud-509714"", ""resource_type"": ""gce_instance"", ""resource_zone"": ""us-central1-a"", ""vm"": ""mooc-worker""}",4715261
2026-09-27T06:19:00Z,"{""instance_name"": ""mooc-worker"", ""loadbalanced"": ""false"", ""resource_instance_id"": ""2832248983015202130"", ""resource_project_id"": ""proyecto-2-cloud-509714"", ""resource_type"": ""gce_instance"", ""resource_zone"": ""us-central1-a"", ""vm"": ""mooc-worker""}",2828221
2026-09-27T06:18:00Z,"{""instance_name"": ""mooc-worker"", ""loadbalanced"": ""false"", ""resource_instance_id"": ""2832248983015202130"", ""resource_project_id"": ""proyecto-2-cloud-509714"", ""resource_type"": ""gce_instance"", ""resource_zone"": ""us-central1-a"", ""vm"": ""mooc-worker""}",1307976
2026-09-27T06:17:00Z,"{""instance_name"": ""mooc-worker"", ""loadbalanced"": ""false"", ""resource_instance_id"": ""2832248983015202130"", ""resource_project_id"": ""proyecto-2-cloud-509714"", ""resource_type"": ""gce_instance"", ""resource_zone"": ""us-central1-a"", ""vm"": ""mooc-worker""}",2599515
2026-09-27T06:16:00Z,"{""instance_name"": ""mooc-worker"", ""loadbalanced"": ""false"", ""resource_instance_id"": ""2832248983015202130"", ""resource_project_id"": ""proyecto-2-cloud-509714"", ""resource_type"": ""gce_instance"", ""resource_zone"": ""us-central1-a"", ""vm"": ""mooc-worker""}",5860992
2026-09-27T06:15:00Z,"{""instance_name"": ""mooc-worker"", ""loadbalanced"": ""false"", ""resource_instance_id"": ""2832248983015202130"", ""resource_project_id"": ""proyecto-2-cloud-509714"", ""resource_type"": ""gce_instance"", ""resource_zone"": ""us-central1-a"", ""vm"": ""mooc-worker""}",7799236
2026-09-27T06:14:00Z,"{""instance_name"": ""mooc-worker"", ""loadbalanced"": ""false"", ""resource_instance_id"": ""2832248983015202130"", ""resource_project_id"": ""proyecto-2-cloud-509714"", ""resource_type"": ""gce_instance"", ""resource_zone"": ""us-central1-a"", ""vm"": ""mooc-worker""}",4711348
2026-09-27T06:13:00Z,"{""instance_name"": ""mooc-worker"", ""loadbalanced"": ""false"", ""resource_instance_id"": ""2832248983015202130"", ""resource_project_id"": ""proyecto-2-cloud-509714"", ""resource_type"": ""gce_instance"", ""resource_zone"": ""us-central1-a"", ""vm"": ""mooc-worker""}",3184725
2026-09-27T06:12:00Z,"{""instance_name"": ""mooc-worker"", ""loadbalanced"": ""false"", ""resource_instance_id"": ""2832248983015202130"", ""resource_project_id"": ""proyecto-2-cloud-509714"", ""resource_type"": ""gce_instance"", ""resource_zone"": ""us-central1-a"", ""vm"": ""mooc-worker""}",2841943
2026-09-27T06:11:00Z,"{""instance_name"": ""mooc-worker"", ""loadbalanced"": ""false"", ""resource_instance_id"": ""2832248983015202130"", ""resource_project_id"": ""proyecto-2-cloud-509714"", ""resource_type"": ""gce_instance"", ""resource_zone"": ""us-central1-a"", ""vm"": ""mooc-worker""}",1178316
2026-09-27T06:10:00Z,"{""instance_name"": ""mooc-worker"", ""loadbalanced"": ""false"", ""resource_instance_id"": ""2832248983015202130"", ""resource_project_id"": ""proyecto-2-cloud-509714"", ""resource_type"": ""gce_instance"", ""resource_zone"": ""us-central1-a"", ""vm"": ""mooc-worker""}",1328303
2026-09-27T06:09:00Z,"{""instance_name"": ""mooc-worker"", ""loadbalanced"": ""false"", ""resource_instance_id"": ""2832248983015202130"", ""resource_project_id"": ""proyecto-2-cloud-509714"", ""resource_type"": ""gce_instance"", ""resource_zone"": ""us-central1-a"", ""vm"": ""mooc-worker""}",2775994
2026-09-27T06:08:00Z,"{""instance_name"": ""mooc-worker"", ""loadbalanced"": ""false"", ""resource_instance_id"": ""2832248983015202130"", ""resource_project_id"": ""proyecto-2-cloud-509714"", ""resource_type"": ""gce_instance"", ""resource_zone"": ""us-central1-a"", ""vm"": ""mooc-worker""}",7481808
2026-09-27T06:07:00Z,"{""instance_name"": ""mooc-worker"", ""loadbalanced"": ""false"", ""resource_instance_id"": ""2832248983015202130"", ""resource_project_id"": ""proyecto-2-cloud-509714"", ""resource_type"": ""gce_instance"", ""resource_zone"": ""us-central1-a"", ""vm"": ""mooc-worker""}",11409975
2026-09-27T06:06:00Z,"{""instance_name"": ""mooc-worker"", ""loadbalanced"": ""false"", ""resource_instance_id"": ""2832248983015202130"", ""resource_project_id"": ""proyecto-2-cloud-509714"", ""resource_type"": ""gce_instance"", ""resource_zone"": ""us-central1-a"", ""vm"": ""mooc-worker""}",1218864
2026-09-27T06:05:00Z,"{""instance_name"": ""mooc-worker"", ""loadbalanced"": ""false"", ""resource_instance_id"": ""2832248983015202130"", ""resource_project_id"": ""proyecto-2-cloud-509714"", ""resource_type"": ""gce_instance"", ""resource_zone"": ""us-central1-a"", ""vm"": ""mooc-worker""}",1372530
2026-09-27T06:04:00Z,"{""instance_name"": ""mooc-worker"", ""loadbalanced"": ""false"", ""resource_instance_id"": ""2832248983015202130"", ""resource_project_id"": ""proyecto-2-cloud-509714"", ""resource_type"": ""gce_instance"", ""resource_zone"": ""us-central1-a"", ""vm"": ""mooc-worker""}",2030202
2026-09-27T06:03:00Z,"{""instance_name"": ""mooc-worker"", ""loadbalanced"": ""false"", ""resource_instance_id"": ""2832248983015202130"", ""resource_project_id"": ""proyecto-2-cloud-509714"", ""resource_type"": ""gce_instance"", ""resource_zone"": ""us-central1-a"", ""vm"": ""mooc-worker""}",3396480
2026-09-27T06:02:00Z,"{""instance_name"": ""mooc-worker"", ""loadbalanced"": ""false"", ""resource_instance_id"": ""2832248983015202130"", ""resource_project_id"": ""proyecto-2-cloud-509714"", ""resource_type"": ""gce_instance"", ""resource_zone"": ""us-central1-a"", ""vm"": ""mooc-worker""}",10721007
2026-09-27T06:01:00Z,"{""instance_name"": ""mooc-worker"", ""loadbalanced"": ""false"", ""resource_instance_id"": ""2832248983015202130"", ""resource_project_id"": ""proyecto-2-cloud-509714"", ""resource_type"": ""gce_instance"", ""resource_zone"": ""us-central1-a"", ""vm"": ""mooc-worker""}",6517230
2026-09-27T06:50:00Z,"{""instance_name"": ""mooc-loadgen"", ""loadbalanced"": ""false"", ""resource_instance_id"": ""502815831568494144"", ""resource_project_id"": ""proyecto-2-cloud-509714"", ""resource_type"": ""gce_instance"", ""resource_zone"": ""us-central1-a"", ""vm"": ""mooc-loadgen""}",143
2026-09-27T06:49:00Z,"{""instance_name"": ""mooc-loadgen"", ""loadbalanced"": ""false"", ""resource_instance_id"": ""502815831568494144"", ""resource_project_id"": ""proyecto-2-cloud-509714"", ""resource_type"": ""gce_instance"", ""resource_zone"": ""us-central1-a"", ""vm"": ""mooc-loadgen""}",3325
2026-09-27T06:48:00Z,"{""instance_name"": ""mooc-loadgen"", ""loadbalanced"": ""false"", ""resource_instance_id"": ""502815831568494144"", ""resource_project_id"": ""proyecto-2-cloud-509714"", ""resource_type"": ""gce_instance"", ""resource_zone"": ""us-central1-a"", ""vm"": ""mooc-loadgen""}",1109
2026-09-27T06:47:00Z,"{""instance_name"": ""mooc-loadgen"", ""loadbalanced"": ""false"", ""resource_instance_id"": ""502815831568494144"", ""resource_project_id"": ""proyecto-2-cloud-509714"", ""resource_type"": ""gce_instance"", ""resource_zone"": ""us-central1-a"", ""vm"": ""mooc-loadgen""}",143
2026-09-27T06:46:00Z,"{""instance_name"": ""mooc-loadgen"", ""loadbalanced"": ""false"", ""resource_instance_id"": ""502815831568494144"", ""resource_project_id"": ""proyecto-2-cloud-509714"", ""resource_type"": ""gce_instance"", ""resource_zone"": ""us-central1-a"", ""vm"": ""mooc-loadgen""}",143
2026-09-27T06:45:00Z,"{""instance_name"": ""mooc-loadgen"", ""loadbalanced"": ""false"", ""resource_instance_id"": ""502815831568494144"", ""resource_project_id"": ""proyecto-2-cloud-509714"", ""resource_type"": ""gce_instance"", ""resource_zone"": ""us-central1-a"", ""vm"": ""mooc-loadgen""}",143
2026-09-27T06:44:00Z,"{""instance_name"": ""mooc-loadgen"", ""loadbalanced"": ""false"", ""resource_instance_id"": ""502815831568494144"", ""resource_project_id"": ""proyecto-2-cloud-509714"", ""resource_type"": ""gce_instance"", ""resource_zone"": ""us-central1-a"", ""vm"": ""mooc-loadgen""}",143
2026-09-27T06:43:00Z,"{""instance_name"": ""mooc-loadgen"", ""loadbalanced"": ""false"", ""resource_instance_id"": ""502815831568494144"", ""resource_project_id"": ""proyecto-2-cloud-509714"", ""resource_type"": ""gce_instance"", ""resource_zone"": ""us-central1-a"", ""vm"": ""mooc-loadgen""}",143
2026-09-27T06:42:00Z,"{""instance_name"": ""mooc-loadgen"", ""loadbalanced"": ""false"", ""resource_instance_id"": ""502815831568494144"", ""resource_project_id"": ""proyecto-2-cloud-509714"", ""resource_type"": ""gce_instance"", ""resource_zone"": ""us-central1-a"", ""vm"": ""mooc-loadgen""}",143
2026-09-27T06:41:00Z,"{""instance_name"": ""mooc-loadgen"", ""loadbalanced"": ""false"", ""resource_instance_id"": ""502815831568494144"", ""resource_project_id"": ""proyecto-2-cloud-509714"", ""resource_type"": ""gce_instance"", ""resource_zone"": ""us-central1-a"", ""vm"": ""mooc-loadgen""}",3308
2026-09-27T06:40:00Z,"{""instance_name"": ""mooc-loadgen"", ""loadbalanced"": ""false"", ""resource_instance_id"": ""502815831568494144"", ""resource_project_id"": ""proyecto-2-cloud-509714"", ""resource_type"": ""gce_instance"", ""resource_zone"": ""us-central1-a"", ""vm"": ""mooc-loadgen""}",1104
2026-09-27T06:39:00Z,"{""instance_name"": ""mooc-loadgen"", ""loadbalanced"": ""false"", ""resource_instance_id"": ""502815831568494144"", ""resource_project_id"": ""proyecto-2-cloud-509714"", ""resource_type"": ""gce_instance"", ""resource_zone"": ""us-central1-a"", ""vm"": ""mooc-loadgen""}",143
2026-09-27T06:38:00Z,"{""instance_name"": ""mooc-loadgen"", ""loadbalanced"": ""false"", ""resource_instance_id"": ""502815831568494144"", ""resource_project_id"": ""proyecto-2-cloud-509714"", ""resource_type"": ""gce_instance"", ""resource_zone"": ""us-central1-a"", ""vm"": ""mooc-loadgen""}",143
2026-09-27T06:37:00Z,"{""instance_name"": ""mooc-loadgen"", ""loadbalanced"": ""false"", ""resource_instance_id"": ""502815831568494144"", ""resource_project_id"": ""proyecto-2-cloud-509714"", ""resource_type"": ""gce_instance"", ""resource_zone"": ""us-central1-a"", ""vm"": ""mooc-loadgen""}",143
2026-09-27T06:36:00Z,"{""instance_name"": ""mooc-loadgen"", ""loadbalanced"": ""false"", ""resource_instance_id"": ""502815831568494144"", ""resource_project_id"": ""proyecto-2-cloud-509714"", ""resource_type"": ""gce_instance"", ""resource_zone"": ""us-central1-a"", ""vm"": ""mooc-loadgen""}",143
2026-09-27T06:35:00Z,"{""instance_name"": ""mooc-loadgen"", ""loadbalanced"": ""false"", ""resource_instance_id"": ""502815831568494144"", ""resource_project_id"": ""proyecto-2-cloud-509714"", ""resource_type"": ""gce_instance"", ""resource_zone"": ""us-central1-a"", ""vm"": ""mooc-loadgen""}",143
2026-09-27T06:34:00Z,"{""instance_name"": ""mooc-loadgen"", ""loadbalanced"": ""false"", ""resource_instance_id"": ""502815831568494144"", ""resource_project_id"": ""proyecto-2-cloud-509714"", ""resource_type"": ""gce_instance"", ""resource_zone"": ""us-central1-a"", ""vm"": ""mooc-loadgen""}",143
2026-09-27T06:33:00Z,"{""instance_name"": ""mooc-loadgen"", ""loadbalanced"": ""false"", ""resource_instance_id"": ""502815831568494144"", ""resource_project_id"": ""proyecto-2-cloud-509714"", ""resource_type"": ""gce_instance"", ""resource_zone"": ""us-central1-a"", ""vm"": ""mooc-loadgen""}",3287
2026-09-27T06:32:00Z,"{""instance_name"": ""mooc-loadgen"", ""loadbalanced"": ""false"", ""resource_instance_id"": ""502815831568494144"", ""resource_project_id"": ""proyecto-2-cloud-509714"", ""resource_type"": ""gce_instance"", ""resource_zone"": ""us-central1-a"", ""vm"": ""mooc-loadgen""}",1098
2026-09-27T06:31:00Z,"{""instance_name"": ""mooc-loadgen"", ""loadbalanced"": ""false"", ""resource_instance_id"": ""502815831568494144"", ""resource_project_id"": ""proyecto-2-cloud-509714"", ""resource_type"": ""gce_instance"", ""resource_zone"": ""us-central1-a"", ""vm"": ""mooc-loadgen""}",143
2026-09-27T06:30:00Z,"{""instance_name"": ""mooc-loadgen"", ""loadbalanced"": ""false"", ""resource_instance_id"": ""502815831568494144"", ""resource_project_id"": ""proyecto-2-cloud-509714"", ""resource_type"": ""gce_instance"", ""resource_zone"": ""us-central1-a"", ""vm"": ""mooc-loadgen""}",143
2026-09-27T06:29:00Z,"{""instance_name"": ""mooc-loadgen"", ""loadbalanced"": ""false"", ""resource_instance_id"": ""502815831568494144"", ""resource_project_id"": ""proyecto-2-cloud-509714"", ""resource_type"": ""gce_instance"", ""resource_zone"": ""us-central1-a"", ""vm"": ""mooc-loadgen""}",143
2026-09-27T06:28:00Z,"{""instance_name"": ""mooc-loadgen"", ""loadbalanced"": ""false"", ""resource_instance_id"": ""502815831568494144"", ""resource_project_id"": ""proyecto-2-cloud-509714"", ""resource_type"": ""gce_instance"", ""resource_zone"": ""us-central1-a"", ""vm"": ""mooc-loadgen""}",143
2026-09-27T06:27:00Z,"{""instance_name"": ""mooc-loadgen"", ""loadbalanced"": ""false"", ""resource_instance_id"": ""502815831568494144"", ""resource_project_id"": ""proyecto-2-cloud-509714"", ""resource_type"": ""gce_instance"", ""resource_zone"": ""us-central1-a"", ""vm"": ""mooc-loadgen""}",143
2026-09-27T06:26:00Z,"{""instance_name"": ""mooc-loadgen"", ""loadbalanced"": ""false"", ""resource_instance_id"": ""502815831568494144"", ""resource_project_id"": ""proyecto-2-cloud-509714"", ""resource_type"": ""gce_instance"", ""resource_zone"": ""us-central1-a"", ""vm"": ""mooc-loadgen""}",143
2026-09-27T06:25:00Z,"{""instance_name"": ""mooc-loadgen"", ""loadbalanced"": ""false"", ""resource_instance_id"": ""502815831568494144"", ""resource_project_id"": ""proyecto-2-cloud-509714"", ""resource_type"": ""gce_instance"", ""resource_zone"": ""us-central1-a"", ""vm"": ""mooc-loadgen""}",3967
2026-09-27T06:24:00Z,"{""instance_name"": ""mooc-loadgen"", ""loadbalanced"": ""false"", ""resource_instance_id"": ""502815831568494144"", ""resource_project_id"": ""proyecto-2-cloud-509714"", ""resource_type"": ""gce_instance"", ""resource_zone"": ""us-central1-a"", ""vm"": ""mooc-loadgen""}",1304
2026-09-27T06:23:00Z,"{""instance_name"": ""mooc-loadgen"", ""loadbalanced"": ""false"", ""resource_instance_id"": ""502815831568494144"", ""resource_project_id"": ""proyecto-2-cloud-509714"", ""resource_type"": ""gce_instance"", ""resource_zone"": ""us-central1-a"", ""vm"": ""mooc-loadgen""}",143
2026-09-27T06:22:00Z,"{""instance_name"": ""mooc-loadgen"", ""loadbalanced"": ""false"", ""resource_instance_id"": ""502815831568494144"", ""resource_project_id"": ""proyecto-2-cloud-509714"", ""resource_type"": ""gce_instance"", ""resource_zone"": ""us-central1-a"", ""vm"": ""mooc-loadgen""}",143
2026-09-27T06:21:00Z,"{""instance_name"": ""mooc-loadgen"", ""loadbalanced"": ""false"", ""resource_instance_id"": ""502815831568494144"", ""resource_project_id"": ""proyecto-2-cloud-509714"", ""resource_type"": ""gce_instance"", ""resource_zone"": ""us-central1-a"", ""vm"": ""mooc-loadgen""}",143
2026-09-27T06:20:00Z,"{""instance_name"": ""mooc-loadgen"", ""loadbalanced"": ""false"", ""resource_instance_id"": ""502815831568494144"", ""resource_project_id"": ""proyecto-2-cloud-509714"", ""resource_type"": ""gce_instance"", ""resource_zone"": ""us-central1-a"", ""vm"": ""mooc-loadgen""}",143
2026-09-27T06:19:00Z,"{""instance_name"": ""mooc-loadgen"", ""loadbalanced"": ""false"", ""resource_instance_id"": ""502815831568494144"", ""resource_project_id"": ""proyecto-2-cloud-509714"", ""resource_type"": ""gce_instance"", ""resource_zone"": ""us-central1-a"", ""vm"": ""mooc-loadgen""}",3285
2026-09-27T06:18:00Z,"{""instance_name"": ""mooc-loadgen"", ""loadbalanced"": ""false"", ""resource_instance_id"": ""502815831568494144"", ""resource_project_id"": ""proyecto-2-cloud-509714"", ""resource_type"": ""gce_instance"", ""resource_zone"": ""us-central1-a"", ""vm"": ""mooc-loadgen""}",1097
2026-09-27T06:17:00Z,"{""instance_name"": ""mooc-loadgen"", ""loadbalanced"": ""false"", ""resource_instance_id"": ""502815831568494144"", ""resource_project_id"": ""proyecto-2-cloud-509714"", ""resource_type"": ""gce_instance"", ""resource_zone"": ""us-central1-a"", ""vm"": ""mooc-loadgen""}",143
2026-09-27T06:16:00Z,"{""instance_name"": ""mooc-loadgen"", ""loadbalanced"": ""false"", ""resource_instance_id"": ""502815831568494144"", ""resource_project_id"": ""proyecto-2-cloud-509714"", ""resource_type"": ""gce_instance"", ""resource_zone"": ""us-central1-a"", ""vm"": ""mooc-loadgen""}",143
2026-09-27T06:15:00Z,"{""instance_name"": ""mooc-loadgen"", ""loadbalanced"": ""false"", ""resource_instance_id"": ""502815831568494144"", ""resource_project_id"": ""proyecto-2-cloud-509714"", ""resource_type"": ""gce_instance"", ""resource_zone"": ""us-central1-a"", ""vm"": ""mooc-loadgen""}",143
2026-09-27T06:14:00Z,"{""instance_name"": ""mooc-loadgen"", ""loadbalanced"": ""false"", ""resource_instance_id"": ""502815831568494144"", ""resource_project_id"": ""proyecto-2-cloud-509714"", ""resource_type"": ""gce_instance"", ""resource_zone"": ""us-central1-a"", ""vm"": ""mooc-loadgen""}",143
2026-09-27T06:13:00Z,"{""instance_name"": ""mooc-loadgen"", ""loadbalanced"": ""false"", ""resource_instance_id"": ""502815831568494144"", ""resource_project_id"": ""proyecto-2-cloud-509714"", ""resource_type"": ""gce_instance"", ""resource_zone"": ""us-central1-a"", ""vm"": ""mooc-loadgen""}",143
2026-09-27T06:12:00Z,"{""instance_name"": ""mooc-loadgen"", ""loadbalanced"": ""false"", ""resource_instance_id"": ""502815831568494144"", ""resource_project_id"": ""proyecto-2-cloud-509714"", ""resource_type"": ""gce_instance"", ""resource_zone"": ""us-central1-a"", ""vm"": ""mooc-loadgen""}",143
2026-09-27T06:11:00Z,"{""instance_name"": ""mooc-loadgen"", ""loadbalanced"": ""false"", ""resource_instance_id"": ""502815831568494144"", ""resource_project_id"": ""proyecto-2-cloud-509714"", ""resource_type"": ""gce_instance"", ""resource_zone"": ""us-central1-a"", ""vm"": ""mooc-loadgen""}",3285
2026-09-27T06:10:00Z,"{""instance_name"": ""mooc-loadgen"", ""loadbalanced"": ""false"", ""resource_instance_id"": ""502815831568494144"", ""resource_project_id"": ""proyecto-2-cloud-509714"", ""resource_type"": ""gce_instance"", ""resource_zone"": ""us-central1-a"", ""vm"": ""mooc-loadgen""}",1097
2026-09-27T06:09:00Z,"{""instance_name"": ""mooc-loadgen"", ""loadbalanced"": ""false"", ""resource_instance_id"": ""502815831568494144"", ""resource_project_id"": ""proyecto-2-cloud-509714"", ""resource_type"": ""gce_instance"", ""resource_zone"": ""us-central1-a"", ""vm"": ""mooc-loadgen""}",143
2026-09-27T06:08:00Z,"{""instance_name"": ""mooc-loadgen"", ""loadbalanced"": ""false"", ""resource_instance_id"": ""502815831568494144"", ""resource_project_id"": ""proyecto-2-cloud-509714"", ""resource_type"": ""gce_instance"", ""resource_zone"": ""us-central1-a"", ""vm"": ""mooc-loadgen""}",143
2026-09-27T06:07:00Z,"{""instance_name"": ""mooc-loadgen"", ""loadbalanced"": ""false"", ""resource_instance_id"": ""502815831568494144"", ""resource_project_id"": ""proyecto-2-cloud-509714"", ""resource_type"": ""gce_instance"", ""resource_zone"": ""us-central1-a"", ""vm"": ""mooc-loadgen""}",143
2026-09-27T06:06:00Z,"{""instance_name"": ""mooc-loadgen"", ""loadbalanced"": ""false"", ""resource_instance_id"": ""502815831568494144"", ""resource_project_id"": ""proyecto-2-cloud-509714"", ""resource_type"": ""gce_instance"", ""resource_zone"": ""us-central1-a"", ""vm"": ""mooc-loadgen""}",143
2026-09-27T06:05:00Z,"{""instance_name"": ""mooc-loadgen"", ""loadbalanced"": ""false"", ""resource_instance_id"": ""502815831568494144"", ""resource_project_id"": ""proyecto-2-cloud-509714"", ""resource_type"": ""gce_instance"", ""resource_zone"": ""us-central1-a"", ""vm"": ""mooc-loadgen""}",143
2026-09-27T06:04:00Z,"{""instance_name"": ""mooc-loadgen"", ""loadbalanced"": ""false"", ""resource_instance_id"": ""502815831568494144"", ""resource_project_id"": ""proyecto-2-cloud-509714"", ""resource_type"": ""gce_instance"", ""resource_zone"": ""us-central1-a"", ""vm"": ""mooc-loadgen""}",143
2026-09-27T06:03:00Z,"{""instance_name"": ""mooc-loadgen"", ""loadbalanced"": ""false"", ""resource_instance_id"": ""502815831568494144"", ""resource_project_id"": ""proyecto-2-cloud-509714"", ""resource_type"": ""gce_instance"", ""resource_zone"": ""us-central1-a"", ""vm"": ""mooc-loadgen""}",3285
2026-09-27T06:02:00Z,"{""instance_name"": ""mooc-loadgen"", ""loadbalanced"": ""false"", ""resource_instance_id"": ""502815831568494144"", ""resource_project_id"": ""proyecto-2-cloud-509714"", ""resource_type"": ""gce_instance"", ""resource_zone"": ""us-central1-a"", ""vm"": ""mooc-loadgen""}",1097
2026-09-27T06:01:00Z,"{""instance_name"": ""mooc-loadgen"", ""loadbalanced"": ""false"", ""resource_instance_id"": ""502815831568494144"", ""resource_project_id"": ""proyecto-2-cloud-509714"", ""resource_type"": ""gce_instance"", ""resource_zone"": ""us-central1-a"", ""vm"": ""mooc-loadgen""}",143
